timestamp,controller,occupancy,occupancy_count,predicted_count,predicted_occupancy,outdoor_temperature,indoor_before,action,indoor_temperature
2021-09-28 12:20:00,reactive,1,1,0.0,0,31.70000076,28.0,-1,27.2480000304
2021-09-28 12:25:00,reactive,1,1,0.0,0,31.89999962,27.2480000304,-1,26.534080013984003
2021-09-28 12:30:00,reactive,1,1,0.0,0,31.39998055,26.534080013984003,-1,25.828716035424645
2021-09-28 12:35:00,reactive,1,1,0.0,0,31.80002213,25.828716035424645,-1,25.16756827920766
2021-09-28 12:40:00,reactive,1,1,0.0,0,31.89999199,25.16756827920766,-1,24.536865227639357
2021-09-28 12:45:00,reactive,1,1,0.0,0,31.60002136,24.536865227639357,-1,23.919391472933786
2021-09-28 12:50:00,reactive,1,1,0.0,0,31.70003128,23.919391472933786,0,24.330617065216437
2021-09-28 12:55:00,reactive,1,1,0.0,0,32.20000076,24.330617065216437,-1,23.74539241300778
2021-09-28 13:00:00,reactive,1,3,0.0,0,32.00489426,23.74539241300778,0,24.37577248688747
2021-09-28 13:05:00,reactive,1,3,0.0,0,31.39999962,24.37577248688747,-1,23.95674157221197
2021-09-28 13:10:00,reactive,1,4,0.0,0,30.99998665,23.95674157221197,0,24.63847137532349
2021-09-28 13:15:00,reactive,1,5,0.0,0,30.50002289,24.63847137532349,-1,24.37293343591055
2021-09-28 13:20:00,reactive,1,8,0.0,0,30.39999962,24.37293343591055,-1,24.414016083274127
2021-09-28 13:25:00,reactive,1,8,0.0,0,30.40000916,24.414016083274127,-1,24.453455806343165
2021-09-28 13:30:00,reactive,1,7,0.0,0,30.29999924,24.453455806343165,-1,24.387317543689438
2021-09-28 13:35:00,reactive,1,7,0.0,0,30.09999466,24.387317543689438,-1,24.31582462834186
2021-09-28 13:40:00,reactive,1,7,0.0,0,30.00002098,24.31582462834186,-1,24.243192482408187
2021-09-28 13:45:00,reactive,1,8,0.0,0,30.10000038,24.243192482408187,-1,24.27746479831186
2021-09-28 13:50:00,reactive,1,8,0.0,0,29.79999924,24.27746479831186,-1,24.29836617597939
2021-09-28 13:55:00,reactive,1,8,0.0,0,29.60000229,24.29836617597939,-1,24.310431620540214
2021-09-28 14:00:00,reactive,1,6,0.0,0,29.70000076,24.310431620540214,-1,24.12601438611861
2021-09-28 14:05:00,reactive,1,6,0.0,0,29.39999962,24.12601438611861,-1,23.936973795473865
2021-09-28 14:10:00,reactive,1,6,0.0,0,29.49998856,23.936973795473865,0,24.75949438605491
2021-09-28 14:15:00,reactive,1,6,0.0,0,29.60001755,24.75949438605491,-1,24.553115312612714
2021-09-28 14:20:00,reactive,1,6,0.0,0,29.70000076,24.553115312612714,-1,24.358990730508207
2021-09-28 14:25:00,reactive,1,6,0.0,0,29.89999962,24.358990730508207,-1,24.18063108608788
2021-09-28 14:30:00,reactive,1,6,0.0,0,29.70000076,24.18063108608788,-1,24.00140587304437
2021-09-28 14:35:00,reactive,1,6,0.0,0,30.00000572,24.00140587304437,-1,23.841349866922595
2021-09-28 14:40:00,reactive,1,6,0.0,0,29.69996452,23.841349866922595,0,24.675694453045693
2021-09-28 14:45:00,reactive,1,6,0.0,0,29.69999504,24.675694453045693,-1,24.476666476523867
2021-09-28 14:50:00,reactive,1,6,0.0,0,29.70000076,24.476666476523867,-1,24.285599847862915
2021-09-28 14:55:00,reactive,1,6,0.0,0,29.7999897,24.285599847862915,-1,24.106175441948402
2021-09-28 15:00:00,reactive,1,6,0.0,0,29.40001678,24.106175441948402,-1,23.917929095470466
2021-09-28 15:05:00,reactive,1,6,0.0,0,29.70000076,23.917929095470466,0,24.74921196205165
2021-09-28 15:10:00,reactive,1,6,0.0,0,29.39998245,24.74921196205165,-1,24.535242781569586
2021-09-28 15:15:00,reactive,1,5,0.0,0,29.0,24.535242781569586,-1,24.2138330703068
2021-09-28 15:20:00,reactive,1,5,0.0,0,29.20000076,24.2138330703068,-1,23.91327977789453
2021-09-28 15:25:00,reactive,1,5,0.0,0,29.04998779,23.91327977789453,0,24.61874809837875
2021-09-28 15:30:00,reactive,1,7,0.0,0,29.00001144,24.61874809837875,-1,24.4939986320436
2021-09-28 15:35:00,reactive,1,7,0.0,0,29.20000076,24.4939986320436,-1,24.382238717161854
2021-09-28 15:40:00,reactive,1,7,0.0,0,29.20001793,24.382238717161854,-1,24.27494988567538
2021-09-28 15:45:00,reactive,1,7,0.0,0,29.49956322,24.27494988567538,-1,24.183934419048363
2021-09-28 15:50:00,reactive,1,2,0.0,0,29.29999924,24.183934419048363,-1,23.58857701188643
2021-09-28 15:55:00,reactive,1,2,0.0,0,29.5,23.58857701188643,0,24.02503393141097
2021-09-28 16:00:00,reactive,1,2,0.0,0,29.30000496,24.02503393141097,-1,23.43603277255453
2021-09-28 16:05:00,reactive,1,3,0.0,0,29.49999428,23.43603277255453,0,23.97859123285235
2021-09-28 16:10:00,reactive,1,3,0.0,0,29.0,23.97859123285235,0,24.479447583538256
2021-09-28 16:15:00,reactive,1,3,0.0,0,28.90001106,24.479447583538256,-1,23.956270122596727
2021-09-28 16:20:00,reactive,1,3,0.0,0,28.9999733,23.956270122596727,0,24.45801824969286
2021-09-28 16:25:00,reactive,1,3,0.0,0,28.89999962,24.45801824969286,-1,23.935697504505146
2021-09-28 16:30:00,reactive,1,3,0.0,0,28.79999924,23.935697504505146,0,24.430269573924942
2021-09-28 16:35:00,reactive,1,3,0.0,0,28.79999924,24.430269573924942,-1,23.905058760567947
2021-09-28 16:40:00,reactive,1,3,0.0,0,28.79999924,23.905058760567947,0,24.40085637974523
2021-09-28 16:45:00,reactive,1,3,0.0,0,28.60001945,24.40085637974523,-1,23.86882290255542
2021-09-28 16:50:00,reactive,1,3,0.0,0,28.69999504,23.86882290255542,0,24.3620697880532
2021-09-28 16:55:00,reactive,1,3,0.0,0,27.89999199,24.3620697880532,-1,23.803586676131076
2021-09-28 17:00:00,reactive,1,2,0.0,0,27.29999924,23.803586676131076,0,24.143443178685832
2021-09-28 17:05:00,reactive,1,2,0.0,0,27.29999924,24.143443178685832,-1,23.469705421138396
2021-09-28 17:10:00,reactive,1,2,0.0,0,27.10000038,23.469705421138396,0,23.81491721949286
2021-09-28 17:15:00,reactive,1,2,0.0,0,26.89999962,23.81491721949286,0,24.138320515513144
2021-09-28 17:20:00,reactive,1,2,0.0,0,26.79999924,24.138320515513144,-1,23.444787664492615
2021-09-28 17:25:00,reactive,1,2,0.0,0,26.5,23.444787664492615,0,23.76699615791291
2021-09-28 17:30:00,reactive,1,2,0.0,0,26.39999962,23.76699615791291,0,24.072316296396394
2021-09-28 17:35:00,reactive,1,1,0.0,0,26.29999924,24.072316296396394,-1,23.26142361414054
2021-09-28 17:40:00,reactive,1,2,0.0,0,26.09999466,23.26142361414054,0,23.574966455974916
2021-09-28 17:45:00,reactive,1,2,0.0,0,25.79999924,23.574966455974916,0,23.863967767335918
2021-09-28 17:50:00,reactive,1,2,0.0,0,25.70000076,23.863967767335918,0,24.13740908704248
2021-09-28 17:55:00,reactive,1,1,0.0,0,25.5,24.13740908704248,-1,23.291912723560785
2021-09-28 18:00:00,reactive,1,2,0.0,0,25.39999962,23.291912723560785,0,23.576236199418354
2021-09-28 18:05:00,reactive,1,2,0.0,0,25.29999924,23.576236199418354,0,23.845186721041618
2021-09-28 18:10:00,reactive,1,2,0.0,0,25.15000916,23.845186721041618,0,24.097379618599952
2021-09-28 18:15:00,reactive,1,2,0.0,0,25.3999939,24.097379618599952,-1,23.349484189855954
2021-09-28 18:20:00,reactive,1,2,0.0,0,25.29999924,23.349484189855954,0,23.627504791861714
2021-09-28 18:25:00,reactive,1,2,0.0,0,25.29999924,23.627504791861714,0,23.894404569787245
2021-09-28 18:30:00,reactive,1,2,0.0,0,25.30001831,23.894404569787245,0,24.150629119395756
2021-09-28 18:35:00,reactive,1,2,0.0,0,25.49997711,24.150629119395756,-1,23.404603039019925
2021-09-28 18:40:00,reactive,1,2,0.0,0,25.39999008,23.404603039019925,0,23.684418520659126
2021-09-28 18:45:00,reactive,1,2,0.0,0,25.39999962,23.684418520659126,0,23.95304176463276
2021-09-28 18:50:00,reactive,1,2,0.0,0,25.5,23.95304176463276,0,24.21492009404745
2021-09-28 18:55:00,reactive,1,2,0.0,0,25.49999428,24.21492009404745,-1,23.46632306148555
2021-09-28 19:00:00,reactive,1,2,0.0,0,25.5,23.46632306148555,0,23.747670139026127
2021-09-28 19:05:00,reactive,1,2,0.0,0,25.60000038,23.747670139026127,0,24.021763348665083
2021-09-28 19:10:00,reactive,1,2,0.0,0,25.60000038,24.021763348665083,-1,23.28489282991848
2021-09-28 19:15:00,reactive,1,2,0.0,0,25.49997711,23.28489282991848,0,23.57349620112174
2021-09-28 19:20:00,reactive,1,2,0.0,0,25.39999962,23.57349620112174,0,23.84655633787687
2021-09-28 19:25:00,reactive,1,2,0.0,0,25.39999962,23.84655633787687,0,24.108694069161793
2021-09-28 19:30:00,reactive,1,2,0.0,0,25.29999924,24.108694069161793,-1,23.35634627599532
2021-09-28 19:35:00,reactive,1,2,0.0,0,25.39999962,23.35634627599532,0,23.638092409755508
2021-09-28 19:40:00,reactive,1,2,0.0,0,25.39999962,23.638092409755508,0,23.908568698165286
2021-09-28 19:45:00,reactive,1,2,0.0,0,25.39999962,23.908568698165286,0,24.168225935038674
2021-09-28 19:50:00,reactive,1,2,0.0,0,25.5,24.168225935038674,-1,23.421496897637127
2021-09-28 19:55:00,reactive,1,1,0.0,0,25.5,23.421496897637127,0,23.604637021731644
2021-09-28 20:00:00,reactive,1,2,0.0,0,25.60000038,23.604637021731644,0,23.884451556062377
2021-09-28 20:05:00,reactive,1,2,0.0,0,25.70000076,23.884451556062377,0,24.157073524219882
2021-09-28 20:10:00,reactive,1,2,0.0,0,25.6000061,24.157073524219882,-1,23.414790827251085
2021-09-28 20:15:00,reactive,1,2,0.0,0,25.70000076,23.414790827251085,0,23.70619922456104
2021-09-28 20:20:00,reactive,1,2,0.0,0,25.70000076,23.70619922456104,0,23.985951285978597
2021-09-28 20:25:00,reactive,1,2,0.0,0,25.6000061,23.985951285978597,0,24.250513478539453
2021-09-28 20:30:00,reactive,1,2,0.0,0,25.60000038,24.250513478539453,-1,23.504492954597875
2021-09-28 20:35:00,reactive,1,2,0.0,0,25.70000076,23.504492954597875,0,23.79231326681396
2021-09-28 20:40:00,reactive,1,2,0.0,0,25.60000038,23.79231326681396,0,24.0646207513414
2021-09-28 20:45:00,reactive,1,2,0.0,0,25.60000038,24.0646207513414,-1,23.326035936487745
2021-09-28 20:50:00,reactive,1,2,0.0,0,25.60000038,23.326035936487745,0,23.616994514228235
2021-09-28 20:55:00,reactive,1,2,0.0,0,25.70000076,23.616994514228235,0,23.900314764059104
2021-09-28 21:00:00,reactive,1,2,0.0,0,25.70000076,23.900314764059104,0,24.172302203896738
2021-09-28 21:05:00,reactive,1,2,0.0,0,25.70000076,24.172302203896738,-1,23.43341014614087
2021-09-28 21:10:00,reactive,1,2,0.0,0,25.70000076,23.43341014614087,0,23.724073770695234
2021-09-28 21:15:00,reactive,1,2,0.0,0,25.56665611,23.724073770695234,0,23.997777064267424
2021-09-28 21:20:00,reactive,0,0,0.0,0,25.60000038,23.997777064267424,0,24.061865996896728
2021-09-28 21:25:00,reactive,0,0,0.0,0,25.60000038,24.061865996896728,0,24.12339137222086
2021-09-28 21:30:00,reactive,0,0,0.0,0,25.69997787,24.12339137222086,0,24.186454832132025
2021-09-28 21:35:00,reactive,0,0,0.0,0,25.70000076,24.186454832132025,0,24.246996669246744
2021-09-28 21:40:00,reactive,0,0,0.0,0,25.69997978,24.246996669246744,0,24.305115993676875
2021-09-28 21:45:00,reactive,0,0,0.0,0,25.60000038,24.305115993676875,0,24.3569113691298
2021-09-28 21:50:00,reactive,0,0,0.0,0,25.60000038,24.3569113691298,0,24.406634929564607
2021-09-28 21:55:00,reactive,0,0,0.0,0,25.70000076,24.406634929564607,0,24.45836956278202
2021-09-29 06:00:00,reactive,0,0,0.0,0,26.0,24.45836956278202,0,24.52003478027074
2021-09-29 06:05:00,reactive,0,0,0.0,0,26.0,24.52003478027074,0,24.57923338905991
2021-09-29 06:10:00,reactive,0,0,0.0,0,26.0,24.57923338905991,0,24.636064053497517
2021-09-29 06:15:00,reactive,0,0,0.0,0,25.99999809,24.636064053497517,0,24.690621414957615
2021-09-29 06:20:00,reactive,0,0,0.0,0,25.89999962,24.690621414957615,0,24.73899654315931
2021-09-29 06:25:00,reactive,0,0,0.0,0,25.89999962,24.73899654315931,0,24.785436666232936
2021-09-29 06:30:00,reactive,0,0,0.0,0,25.89999962,24.785436666232936,0,24.83001918438362
2021-09-29 06:35:00,reactive,0,0,0.0,0,25.89999962,24.83001918438362,0,24.872818401808274
2021-09-29 06:40:00,reactive,0,0,0.0,0,25.89999962,24.872818401808274,0,24.913905650535945
2021-09-29 06:45:00,reactive,0,0,0.0,0,25.79999924,24.913905650535945,0,24.949349394114506
2021-09-29 06:50:00,reactive,0,0,0.0,0,25.80000496,24.949349394114506,0,24.983375616749925
2021-09-29 06:55:00,reactive,0,0,0.0,0,25.89997864,24.983375616749925,0,25.020039737679927
2021-09-29 07:00:00,reactive,0,0,0.0,0,25.89999962,25.020039737679927,0,25.05523813297273
2021-09-29 07:05:00,reactive,0,0,0.0,0,26.0,25.05523813297273,0,25.09302860765382
2021-09-29 07:10:00,reactive,0,0,0.0,0,26.0,25.09302860765382,0,25.12930746334767
2021-09-29 07:15:00,reactive,0,0,0.0,0,26.10000038,25.12930746334767,0,25.168135180013763
2021-09-29 07:20:00,reactive,0,0,0.0,0,26.20000076,25.168135180013763,0,25.209409803213212
2021-09-29 07:25:00,reactive,0,0,0.0,0,26.20000076,25.209409803213212,0,25.249033441484684
2021-09-29 07:30:00,reactive,0,0,0.0,0,26.40000534,25.249033441484684,0,25.295072317425298
2021-09-29 07:35:00,reactive,0,0,0.0,0,26.50001144,25.295072317425298,0,25.343269882328286
2021-09-29 07:40:00,reactive,0,0,0.0,0,26.50000191,25.343269882328286,0,25.389539163435156
2021-09-29 07:45:00,reactive,0,0,0.0,0,26.69998932,25.389539163435156,0,25.44195716969775
2021-09-29 07:50:00,reactive,0,0,0.0,0,26.70000076,25.44195716969775,0,25.492278913309843
2021-09-29 07:55:00,reactive,0,0,0.0,0,26.70000076,25.492278913309843,0,25.54058778717745
2021-09-29 08:00:00,reactive,0,0,0.0,0,26.70000076,25.54058778717745,0,25.58696430609035
2021-09-29 08:05:00,reactive,0,0,0.0,0,27.00001144,25.58696430609035,0,25.643486191446737
2021-09-29 08:10:00,reactive,0,0,0.0,0,27.15000725,25.643486191446737,0,25.70374703378887
2021-09-29 08:15:00,reactive,0,0,0.0,0,27.60000801,25.70374703378887,0,25.779597472837313
2021-09-29 08:20:00,reactive,0,0,0.0,0,27.96670532,25.779597472837313,0,25.86708178672382
2021-09-29 08:25:00,reactive,0,0,0.0,0,28.60001945,25.86708178672382,0,25.976399293254868
2021-09-29 08:30:00,reactive,0,0,0.0,0,29.00000381,25.976399293254868,0,26.097343473924674
2021-09-29 08:35:00,reactive,0,0,0.0,0,29.29999924,26.097343473924674,0,26.225449704567687
2021-09-29 08:40:00,reactive,0,0,0.0,0,29.09999847,26.225449704567687,0,26.34043165518498
2021-09-29 08:45:00,reactive,0,0,0.0,0,29.10000038,26.34043165518498,0,26.45081440417758
2021-09-29 08:50:00,reactive,0,0,0.0,0,29.00001907,26.45081440417758,0,26.552782590810477
2021-09-29 08:55:00,reactive,0,0,0.0,0,29.20000076,26.552782590810477,0,26.658671317578058
2021-09-29 09:00:00,reactive,0,0,0.0,0,29.40002251,26.658671317578058,0,26.768325365274936
2021-09-29 09:05:00,reactive,0,0,0.0,0,29.29999924,26.768325365274936,0,26.86959232026394
2021-09-29 09:10:00,reactive,0,0,0.0,0,29.10000038,26.86959232026394,0,26.958808642653384
2021-09-29 09:15:00,reactive,0,0,0.0,0,29.0,26.958808642653384,0,27.040456296947248
2021-09-29 09:20:00,reactive,0,0,0.0,0,28.79999924,27.040456296947248,0,27.11083801466936
2021-09-29 09:25:00,reactive,0,0,0.0,0,28.80002022,27.11083801466936,0,27.178405302882584
2021-09-29 09:30:00,reactive,0,0,0.0,0,29.00000763,27.178405302882584,0,27.25126939596728
2021-09-29 09:35:00,reactive,0,0,0.0,0,29.09998703,27.25126939596728,0,27.32521810132859
2021-09-29 09:40:00,reactive,0,0,0.0,0,29.20000458,27.32521810132859,0,27.40020956047545
2021-09-29 09:45:00,reactive,0,0,0.0,0,29.49954987,27.40020956047545,0,27.484183172856433
2021-09-29 09:50:00,reactive,0,0,0.0,0,29.99999428,27.484183172856433,0,27.584815617142176
2021-09-29 09:55:00,reactive,0,0,0.0,0,29.90001869,27.584815617142176,0,27.67742374005649
2021-09-29 10:00:00,reactive,0,0,0.0,0,30.5,27.67742374005649,0,27.79032679045423
2021-09-29 10:05:00,reactive,0,0,0.0,0,30.29999924,27.79032679045423,0,27.890713688436062
2021-09-29 10:10:00,reactive,0,0,0.0,0,29.89999962,27.890713688436062,0,27.971085125698618
2021-09-29 10:15:00,reactive,0,0,0.0,0,29.89999962,27.971085125698618,0,28.048241705470673
2021-09-29 10:20:00,reactive,0,0,0.0,0,30.29999924,28.048241705470673,0,28.138312006851844
2021-09-29 10:25:00,reactive,0,0,0.0,0,30.35000229,28.138312006851844,0,28.22677961817777
2021-09-29 10:30:00,reactive,0,0,0.0,0,30.89998055,28.22677961817777,0,28.33370765545066
2021-09-29 10:35:00,reactive,0,0,0.0,0,30.99945641,28.33370765545066,0,28.44033760563263
2021-09-29 10:40:00,reactive,0,0,0.0,0,30.79998779,28.44033760563263,0,28.534723613007326
2021-09-29 10:45:00,reactive,0,0,0.0,0,30.79998779,28.534723613007326,0,28.625334180087034
2021-09-29 10:50:00,reactive,0,0,0.0,0,30.79998779,28.625334180087034,0,28.712320324483553
2021-09-29 10:55:00,reactive,0,0,0.0,0,30.79998779,28.712320324483553,0,28.79582702310421
2021-09-29 11:00:00,reactive,0,0,0.0,0,30.79998779,28.79582702310421,0,28.87599345378004
2021-09-29 11:05:00,reactive,0,0,0.0,0,30.0,28.87599345378004,0,28.92095371562884
2021-09-29 11:10:00,reactive,0,0,0.0,0,29.89999962,28.92095371562884,0,28.960115551803685
2021-09-29 11:15:00,reactive,1,1,0.0,0,29.90003014,28.960115551803685,-1,28.09771213533154
2021-09-29 11:20:00,reactive,1,1,0.0,0,30.5,28.09771213533154,-1,27.29380364991828
2021-09-29 11:25:00,reactive,1,1,0.0,0,30.20109177,27.29380364991828,-1,26.510095174721553
2021-09-29 11:30:00,reactive,1,1,0.0,0,30.10002518,26.510095174721553,-1,25.75369237493269
2021-09-29 11:35:00,reactive,1,1,0.0,0,30.70000076,25.75369237493269,-1,25.051544710335385
2021-09-29 11:40:00,reactive,0,0,0.0,0,30.45082664,25.051544710335385,0,25.26751598752197
2021-09-29 11:45:00,reactive,0,0,0.0,0,30.39667892,25.26751598752197,0,25.472682504821094
2021-09-29 11:50:00,reactive,0,0,0.0,0,30.89835358,25.472682504821094,0,25.68970934782825
2021-09-29 11:55:00,reactive,1,1,0.0,0,30.10331345,25.68970934782825,-1,24.96625351191512
2021-09-29 12:00:00,reactive,1,1,0.0,0,30.59506989,24.96625351191512,-1,24.291406167038517
2021-09-29 12:05:00,reactive,1,1,0.0,0,30.09999847,24.291406167038517,-1,23.623749859156977
2021-09-29 12:10:00,reactive,1,1,0.0,0,30.60080719,23.623749859156977,0,24.0028321523907
2021-09-29 12:15:00,reactive,1,1,0.0,0,30.30330849,24.0028321523907,-1,23.354851205895073
2021-09-29 12:20:00,reactive,1,1,0.0,0,30.32356262,23.354851205895073,0,23.733599662459273
2021-09-29 12:25:00,reactive,1,1,0.0,0,30.60164642,23.733599662459273,0,24.108321532760904
2021-09-29 12:30:00,reactive,1,1,0.0,0,30.85041237,24.108321532760904,-1,23.47800516625047
2021-09-29 12:35:00,reactive,1,1,0.0,0,31.29751968,23.47800516625047,0,23.89078574680045
2021-09-29 12:40:00,reactive,1,1,0.0,0,31.09918022,23.89078574680045,0,24.279121525728435
2021-09-29 12:45:00,reactive,1,1,0.0,0,30.29916954,24.279121525728435,-1,23.6199234462993
2021-09-29 12:50:00,reactive,1,1,0.0,0,30.84753609,23.6199234462993,0,24.00902795204733
2021-09-29 12:55:00,reactive,1,1,0.0,0,30.99669647,24.00902795204733,-1,23.388534692765436
2021-09-29 13:00:00,reactive,1,1,0.0,0,31.09916878,23.388534692765436,0,23.79696005625482
2021-09-29 13:05:00,reactive,1,1,0.0,0,30.61933708,23.79696005625482,0,24.16985513720463
2021-09-29 13:10:00,reactive,1,1,0.0,0,30.34917259,24.16985513720463,-1,23.517027835316448
2021-09-29 13:15:00,reactive,1,1,0.0,0,30.00150871,23.517027835316448,0,23.87640707030379
2021-09-29 13:20:00,reactive,1,1,0.0,0,30.3237648,23.87640707030379,0,24.23430137949164
2021-09-29 13:25:00,reactive,1,1,0.0,0,30.25124359,24.23430137949164,-1,23.574979067911976
2021-09-29 13:30:00,reactive,1,1,0.0,0,30.44095612,23.574979067911976,0,23.949618149995498
2021-09-29 13:35:00,reactive,1,1,0.0,0,31.09667015,23.949618149995498,0,24.33550022999568
2021-09-29 13:40:00,reactive,1,1,0.0,0,30.80123901,24.33550022999568,-1,23.694129781195855
2021-09-29 13:45:00,reactive,1,1,0.0,0,30.50493431,23.694129781195855,0,24.066561962348022
2021-09-29 13:50:00,reactive,1,1,0.0,0,30.4016571,24.066561962348022,-1,23.4199657678541
2021-09-29 13:55:00,reactive,1,1,0.0,0,30.49670601,23.4199657678541,0,23.80303537753994
2021-09-29 14:00:00,reactive,1,1,0.0,0,30.50165176,23.80303537753994,0,24.170980032838344
2021-09-29 14:05:00,reactive,1,1,0.0,0,30.26721573,24.170980032838344,-1,23.514829460724812
2021-09-29 14:10:00,reactive,1,1,0.0,0,29.93112946,23.514829460724812,0,23.871481460695822
2021-09-29 14:15:00,reactive,1,1,0.0,0,30.0262394,23.871481460695822,0,24.21767177826799
2021-09-29 14:20:00,reactive,1,1,0.0,0,30.09833527,24.21767177826799,-1,23.552898317937274
2021-09-29 14:25:00,reactive,0,0,0.0,0,30.29999924,23.552898317937274,0,23.822782354819783
2021-09-29 14:30:00,reactive,0,0,0.0,0,30.4262352,23.822782354819783,0,24.086920468626992
2021-09-29 14:35:00,reactive,0,0,0.0,0,30.04132271,24.086920468626992,0,24.325096558281913
2021-09-29 14:40:00,reactive,0,0,0.0,0,30.29669762,24.325096558281913,0,24.563960600750637
2021-09-29 14:45:00,reactive,0,0,0.0,0,30.80330276,24.563960600750637,0,24.81353428712061
2021-09-29 14:50:00,reactive,0,0,0.0,0,29.75413132,24.81353428712061,0,25.011158168435784
2021-09-29 14:55:00,reactive,0,0,0.0,0,29.60832596,25.011158168435784,0,25.195044880098354
2021-09-29 15:00:00,reactive,0,0,0.0,0,30.10000038,25.195044880098354,0,25.39124310009442
2021-09-29 15:05:00,reactive,0,0,0.0,0,30.10165596,25.39124310009442,0,25.579659614490645
2021-09-29 15:10:00,reactive,0,0,0.0,0,29.8983593,25.579659614490645,0,25.75240760191102
2021-09-29 15:15:00,reactive,0,0,0.0,0,30.10658646,25.75240760191102,0,25.92657475623458
2021-09-29 15:20:00,reactive,0,0,0.0,0,30.49668312,25.92657475623458,0,26.109379090785197
2021-09-29 15:25:00,reactive,0,0,0.0,0,30.19506645,26.109379090785197,0,26.272806585153788
2021-09-29 15:30:00,reactive,0,0,0.0,0,30.09503555,26.272806585153788,0,26.425695743747635
2021-09-29 15:35:00,reactive,0,0,0.0,0,30.4016571,26.425695743747635,0,26.58473419799773
2021-09-29 15:40:00,reactive,1,1,0.0,0,30.24752808,26.58473419799773,-1,25.831245953277822
2021-09-29 15:45:00,reactive,1,1,0.0,0,30.20415878,25.831245953277822,-1,25.10616246634671
2021-09-29 15:50:00,reactive,1,1,0.0,0,30.79834747,25.10616246634671,-1,24.433849866492842
2021-09-29 15:55:00,reactive,1,1,0.0,0,30.69589996,24.433849866492842,-1,23.78433187023313
2021-09-29 16:00:00,reactive,1,1,0.0,0,30.99834633,23.78433187023313,0,24.17289244862381
2021-09-29 16:05:00,reactive,1,1,0.0,0,30.00656891,24.17289244862381,-1,23.50623950707886
2021-09-29 16:10:00,reactive,1,1,0.0,0,29.60000038,23.50623950707886,0,23.849989941995705
2021-09-29 16:15:00,reactive,1,1,0.0,0,30.09833908,23.849989941995705,0,24.199923907515878
2021-09-29 16:20:00,reactive,1,1,0.0,0,29.90164757,24.199923907515878,-1,23.527992854015245
2021-09-29 16:25:00,reactive,1,1,0.0,0,29.60000038,23.527992854015245,0,23.870873155054635
2021-09-29 16:30:00,reactive,1,1,0.0,0,29.89999962,23.870873155054635,0,24.212038213652452
2021-09-29 16:35:00,reactive,1,1,0.0,0,30.20000076,24.212038213652452,-1,23.551556715506354
2021-09-29 16:40:00,reactive,1,1,0.0,0,30.20000076,23.551556715506354,0,23.917494477286102
2021-09-29 16:45:00,reactive,1,1,0.0,0,30.10000038,23.917494477286102,0,24.26479471339466
2021-09-29 16:50:00,reactive,1,1,0.0,0,30.39999962,24.26479471339466,-1,23.610202909658877
2021-09-29 16:55:00,reactive,1,1,0.0,0,30.07541084,23.610202909658877,0,23.968811226872525
2021-09-29 17:00:00,reactive,1,1,0.0,0,30.0,23.968811226872525,0,24.310058777797625
2021-09-29 17:05:00,reactive,0,0,0.0,0,29.9355278,24.310058777797625,0,24.53507753868572
2021-09-29 17:10:00,reactive,0,0,0.0,0,29.89834023,24.53507753868572,0,24.74960804633829
2021-09-29 17:15:00,reactive,0,0,0.0,0,30.19835472,24.74960804633829,0,24.96755791328476
2021-09-29 17:20:00,reactive,0,0,0.0,0,29.80165863,24.96755791328476,0,25.16092194195337
2021-09-29 17:25:00,reactive,1,1,0.0,0,29.79999924,25.16092194195337,-1,24.446485033875234
2021-09-29 17:30:00,reactive,1,1,0.0,0,29.89999962,24.446485033875234,-1,23.764625617320227
2021-09-29 17:35:00,reactive,1,1,0.0,0,29.89834404,23.764625617320227,0,24.10997435422742
2021-09-29 17:40:00,reactive,1,1,0.0,0,29.89999962,24.10997435422742,-1,23.441575364858323
2021-09-29 17:45:00,reactive,1,1,0.0,0,30.0983429,23.441575364858323,0,23.80784606626399
2021-09-29 17:50:00,reactive,1,1,0.0,0,30.39999962,23.80784606626399,0,24.17153220841343
2021-09-29 17:55:00,reactive,1,1,0.0,0,30.29999924,24.17153220841343,-1,23.516670889676895
2021-09-29 18:00:00,reactive,1,1,0.0,0,30.45082283,23.516670889676895,0,23.89403696728982
2021-09-29 18:05:00,reactive,1,1,0.0,0,30.19834137,23.89403696728982,0,24.24620914339823
2021-09-29 18:10:00,reactive,1,1,0.0,0,30.30164528,24.24620914339823,-1,23.5884265888623
2021-09-29 18:15:00,reactive,1,1,0.0,0,30.29999924,23.5884265888623,0,23.95688949490781
2021-09-29 18:20:00,reactive,1,1,0.0,0,30.0,23.95688949490781,0,24.2986139151115
2021-09-29 18:25:00,reactive,1,1,0.0,0,29.89999962,24.2986139151115,-1,23.62266934330704
2021-09-29 18:30:00,reactive,1,1,0.0,0,29.79999924,23.62266934330704,0,23.969762539174763
2021-09-29 18:35:00,reactive,1,1,0.0,0,29.79999924,23.969762539174763,0,24.302972007207774
2021-09-29 18:40:00,reactive,1,1,0.0,0,29.60000038,24.302972007207774,-1,23.614853142119465
2021-09-29 18:45:00,reactive,1,1,0.0,0,29.60000038,23.614853142119465,0,23.954259031634688
2021-09-29 18:50:00,reactive,1,1,0.0,0,29.5,23.954259031634688,0,24.2760886703693
2021-09-29 18:55:00,reactive,1,1,0.0,0,29.39999962,24.2760886703693,-1,23.58104510835453
2021-09-29 19:00:00,reactive,1,1,0.0,0,29.39999962,23.58104510835453,0,23.91380328882035
2021-09-29 19:05:00,reactive,1,1,0.0,0,29.29999924,23.91380328882035,0,24.22925112686754
2021-09-29 19:10:00,reactive,1,1,0.0,0,29.29999924,24.22925112686754,-1,23.532081051392836
2021-09-29 19:15:00,reactive,1,1,0.0,0,29.29999924,23.532081051392836,0,23.862797778937125
2021-09-29 19:20:00,reactive,1,1,0.0,0,29.29999924,23.862797778937125,0,24.180285837379643
2021-09-29 19:25:00,reactive,1,1,0.0,0,29.29999924,24.180285837379643,-1,23.48507437348446
2021-09-29 19:30:00,reactive,1,1,0.0,0,29.29999924,23.48507437348446,0,23.81767136814508
2021-09-29 19:35:00,reactive,1,1,0.0,0,29.20000076,23.81767136814508,0,24.13296454381928
2021-09-29 19:40:00,reactive,1,1,0.0,0,29.10000038,24.13296454381928,-1,23.43164597726651
2021-09-29 19:45:00,reactive,1,1,0.0,0,29.10000038,23.43164597726651,0,23.75838015337585
2021-09-29 19:50:00,reactive,1,1,0.0,0,29.10000038,23.75838015337585,0,24.072044962440817
2021-09-29 19:55:00,reactive,1,1,0.0,0,29.10000038,24.072044962440817,-1,23.373163179143187
2021-09-29 20:00:00,reactive,1,1,0.0,0,29.10000038,23.373163179143187,0,23.702236667177463
2021-09-29 20:05:00,reactive,1,1,0.0,0,29.20000076,23.702236667177463,0,24.022147230890365
2021-09-29 20:10:00,reactive,1,1,0.0,0,29.00166321,24.022147230890365,-1,23.321327870054752
2021-09-29 20:15:00,reactive,1,1,0.0,0,29.0,23.321327870054752,0,23.648474755252565
2021-09-29 20:20:00,reactive,1,1,0.0,0,29.0,23.648474755252565,0,23.962535765042464
2021-09-29 20:25:00,reactive,1,1,0.0,0,29.0,23.962535765042464,0,24.264034334440765
2021-09-29 20:30:00,reactive,0,0,0.0,0,29.0,24.264034334440765,0,24.453472961063135
2021-09-29 20:35:00,reactive,0,0,0.0,0,29.09834099,24.453472961063135,0,24.63926768222061
2021-09-29 20:40:00,reactive,0,0,0.0,0,29.0,24.63926768222061,0,24.813696974931784
2021-09-29 20:45:00,reactive,0,0,0.0,0,29.0,24.813696974931784,0,24.981149095934512
2021-09-29 20:50:00,reactive,0,0,0.0,0,29.10000038,24.981149095934512,0,25.145903147297133
2021-09-29 20:55:00,reactive,0,0,0.0,0,29.10000038,25.145903147297133,0,25.304067036605247
2021-09-29 21:00:00,reactive,0,0,0.0,0,29.10164833,25.304067036605247,0,25.455970288341035
2021-09-29 21:05:00,reactive,0,0,0.0,0,29.10000038,25.455970288341035,0,25.601731492007392
2021-09-29 21:10:00,reactive,0,0,0.0,0,29.0,25.601731492007392,0,25.737662232327096
2021-09-29 21:15:00,reactive,0,0,0.0,0,28.89999962,25.737662232327096,0,25.864155727834014
2021-09-29 21:20:00,reactive,0,0,0.0,0,28.89999962,25.864155727834014,0,25.985589483520652
2021-09-29 21:25:00,reactive,0,0,0.0,0,28.89999962,25.985589483520652,0,26.102165888979826
2021-09-29 21:30:00,reactive,0,0,0.0,0,28.89999962,26.102165888979826,0,26.214079238220634
2021-09-29 21:35:00,reactive,0,0,0.0,0,28.89834595,26.214079238220634,0,26.321449906691807
2021-09-29 21:40:00,reactive,0,0,0.0,0,28.89999962,26.321449906691807,0,26.424591895224136
2021-09-29 21:45:00,reactive,0,0,0.0,0,28.50165749,26.424591895224136,0,26.507674519015172
2021-09-29 21:50:00,reactive,0,0,0.0,0,28.39999962,26.507674519015172,0,26.583367523054566
2021-09-29 21:55:00,reactive,0,0,0.0,0,28.39999962,26.583367523054566,0,26.656032806932384
2021-09-30 06:00:00,reactive,0,0,0.0,0,26.40164375,26.656032806932384,0,26.645857244655087
2021-09-30 06:05:00,reactive,0,0,0.0,0,26.5,26.645857244655087,0,26.640022954868883
2021-09-30 06:10:00,reactive,0,0,0.0,0,26.49835587,26.640022954868883,0,26.63435627147413
2021-09-30 06:15:00,reactive,0,0,0.0,0,26.70000076,26.63435627147413,0,26.636982051015163
2021-09-30 06:20:00,reactive,0,0,0.0,0,26.60054779,26.636982051015163,0,26.635524680574555
2021-09-30 06:25:00,reactive,0,0,0.0,0,26.39999962,26.635524680574555,0,26.626103678151573
2021-09-30 06:30:00,reactive,0,0,0.0,0,26.49835587,26.626103678151573,0,26.62099376582551
2021-09-30 06:35:00,reactive,0,0,0.0,0,26.60000038,26.62099376582551,0,26.620154030392488
2021-09-30 06:40:00,reactive,0,0,0.0,0,26.5,26.620154030392488,0,26.615347869176787
2021-09-30 06:45:00,reactive,0,0,0.0,0,26.60000038,26.615347869176787,0,26.614733969609716
2021-09-30 06:50:00,reactive,0,0,0.0,0,26.60000038,26.614733969609716,0,26.61414462602533
2021-09-30 06:55:00,reactive,0,0,0.0,0,26.5,26.61414462602533,0,26.609578840984316
2021-09-30 07:00:00,reactive,0,0,0.0,0,26.5,26.609578840984316,0,26.605195687344942
2021-09-30 07:05:00,reactive,0,0,0.0,0,26.5,26.605195687344942,0,26.600987859851145
2021-09-30 07:10:00,reactive,0,0,0.0,0,26.49834251,26.600987859851145,0,26.5968820458571
2021-09-30 07:15:00,reactive,0,0,0.0,0,26.39999962,26.5968820458571,0,26.589006748822815
2021-09-30 07:20:00,reactive,0,0,0.0,0,26.39999962,26.589006748822815,0,26.581446463669902
2021-09-30 07:25:00,reactive,0,0,0.0,0,26.10082817,26.581446463669902,0,26.562221731923106
2021-09-30 07:30:00,reactive,0,0,0.0,0,26.19836044,26.562221731923106,0,26.54766728024618
2021-09-30 07:35:00,reactive,0,0,0.0,0,26.10000038,26.54766728024618,0,26.529760604236333
2021-09-30 07:40:00,reactive,0,0,0.0,0,26.20000076,26.529760604236333,0,26.51657021046688
2021-09-30 07:45:00,reactive,0,0,0.0,0,26.10000038,26.51657021046688,0,26.499907417248206
2021-09-30 07:50:00,reactive,0,0,0.0,0,25.80164719,26.499907417248206,0,26.471977008158277
2021-09-30 07:55:00,reactive,0,0,0.0,0,25.89999962,26.471977008158277,0,26.449097912631945
2021-09-30 08:00:00,reactive,0,0,0.0,0,25.89999962,26.449097912631945,0,26.427133980926666
2021-09-30 08:05:00,reactive,0,0,0.0,0,25.89999962,26.427133980926666,0,26.4060486064896
2021-09-30 08:10:00,reactive,0,0,0.0,0,25.801651,26.4060486064896,0,26.381872702230016
2021-09-30 08:15:00,reactive,0,0,0.0,0,25.89999962,26.381872702230016,0,26.362597778940817
2021-09-30 08:20:00,reactive,0,0,0.0,0,25.9016571,26.362597778940817,0,26.344160151783186
2021-09-30 08:25:00,reactive,0,0,0.0,0,25.79999924,26.344160151783186,0,26.322393715311858
2021-09-30 08:30:00,reactive,0,0,0.0,0,25.79999924,26.322393715311858,0,26.301497936299384
2021-09-30 08:35:00,reactive,0,0,0.0,0,25.89999962,26.301497936299384,0,26.28543800364741
2021-09-30 08:40:00,reactive,0,0,0.0,0,25.70166397,26.28543800364741,0,26.262087042301513
2021-09-30 08:45:00,reactive,0,0,0.0,0,25.5,26.262087042301513,0,26.231603560609454
2021-09-30 08:50:00,reactive,0,0,0.0,0,25.50163841,26.231603560609454,0,26.202404954585077
2021-09-30 08:55:00,reactive,0,0,0.0,0,25.39999962,26.202404954585077,0,26.170308741201673
2021-09-30 09:00:00,reactive,0,0,0.0,0,25.44917488,26.170308741201673,0,26.141463386753607
2021-09-30 09:05:00,reactive,0,0,0.0,0,25.64917946,26.141463386753607,0,26.121772029683463
2021-09-30 09:10:00,reactive,0,0,0.0,0,25.60000038,26.121772029683463,0,26.100901163696125
2021-09-30 09:15:00,reactive,0,0,0.0,0,25.69835091,26.100901163696125,0,26.084799153548282
2021-09-30 09:20:00,reactive,0,0,0.0,0,25.60000038,26.084799153548282,0,26.06540720260635
2021-09-30 09:25:00,reactive,0,0,0.0,0,25.70000076,26.06540720260635,0,26.050790944902097
2021-09-30 09:30:00,reactive,0,0,0.0,0,25.60165596,26.050790944902097,0,26.032825545506014
2021-09-30 09:35:00,reactive,0,0,0.0,0,25.60000038,26.032825545506014,0,26.015512538885773
2021-09-30 09:40:00,reactive,0,0,0.0,0,25.5008297,26.015512538885773,0,25.99492522533034
2021-09-30 09:45:00,reactive,0,0,0.0,0,25.5,25.99492522533034,0,25.975128216317128
2021-09-30 09:50:00,reactive,0,0,0.0,0,25.60000038,25.975128216317128,0,25.960123102864443
2021-09-30 09:55:00,reactive,0,0,0.0,0,25.59834671,25.960123102864443,0,25.945652047149867
2021-09-30 10:00:00,reactive,0,0,0.0,0,25.5,25.945652047149867,0,25.92782596526387
2021-09-30 10:05:00,reactive,1,1,0.0,0,25.5,25.92782596526387,-1,25.01071292665332
2021-09-30 10:10:00,reactive,1,1,0.0,0,25.5,25.01071292665332,-1,24.130284409587187
2021-09-30 10:15:00,reactive,1,1,0.0,0,25.60000038,24.130284409587187,-1,23.2890730484037
2021-09-30 10:20:00,reactive,1,1,0.0,0,25.70000076,23.2890730484037,0,23.485510156867555
2021-09-30 10:25:00,reactive,1,1,0.0,0,25.60000038,23.485510156867555,0,23.670089765792856
2021-09-30 10:30:00,reactive,1,1,0.0,0,25.60165024,23.670089765792856,0,23.847352184761142
2021-09-30 10:35:00,reactive,1,1,0.0,0,25.70000076,23.847352184761142,0,24.0214581277707
2021-09-30 10:40:00,reactive,1,1,0.0,0,25.70000076,24.0214581277707,-1,23.18859983305987
2021-09-30 10:45:00,reactive,1,1,0.0,0,25.70000076,23.18859983305987,0,23.38905587013748
2021-09-30 10:50:00,reactive,1,1,0.0,0,25.89999962,23.38905587013748,0,23.589493620131982
2021-09-30 10:55:00,reactive,1,1,0.0,0,25.89835548,23.589493620131982,0,23.781848094526705
2021-09-30 11:00:00,reactive,1,1,0.0,0,25.89834023,23.781848094526705,0,23.966507779945637
2021-09-30 11:05:00,reactive,1,1,0.0,0,26.09835243,23.966507779945637,0,24.151781565947815
2021-09-30 11:10:00,reactive,1,1,0.0,0,26.20000076,24.151781565947815,-1,23.333710333709902
2021-09-30 11:15:00,reactive,1,1,0.0,0,26.39999962,23.333710333709902,0,23.55636190516151
2021-09-30 11:20:00,reactive,1,1,0.0,0,26.5,23.55636190516151,0,23.774107428955052
2021-09-30 11:25:00,reactive,1,1,0.0,0,26.60000038,23.774107428955052,0,23.98714314699685
2021-09-30 11:30:00,reactive,1,1,0.0,0,26.6991787,23.98714314699685,0,24.195624569116976
2021-09-30 11:35:00,reactive,1,1,0.0,0,26.70000076,24.195624569116976,-1,23.3957996167523
2021-09-30 11:40:00,reactive,1,1,0.0,0,26.70000076,23.3957996167523,0,23.62796766248221
2021-09-30 11:45:00,reactive,1,1,0.0,0,26.70000076,23.62796766248221,0,23.85084898638292
2021-09-30 11:50:00,reactive,1,1,0.0,0,26.89999962,23.85084898638292,0,24.072815011727606
2021-09-30 11:55:00,reactive,1,1,0.0,0,26.89999962,24.072815011727606,-1,23.285902396058503
2021-09-30 12:00:00,reactive,1,1,0.0,0,26.89834023,23.285902396058503,0,23.530399909416165
2021-09-30 12:05:00,reactive,1,1,0.0,0,26.90164757,23.530399909416165,0,23.76524981583952
2021-09-30 12:10:00,reactive,1,1,0.0,0,26.99834061,23.76524981583952,0,23.99457344760594
2021-09-30 12:15:00,reactive,1,1,0.0,0,27.09835243,23.99457344760594,0,24.218724606901706
2021-09-30 12:20:00,reactive,1,1,0.0,0,26.9016571,24.218724606901706,-1,23.42604190662564
2021-09-30 12:25:00,reactive,1,1,0.0,0,26.99834633,23.42604190662564,0,23.668934083560615
2021-09-30 12:30:00,reactive,1,1,0.0,0,26.89999962,23.668934083560615,0,23.89817670501819
2021-09-30 12:35:00,reactive,1,1,0.0,0,26.9983387,23.89817670501819,0,24.122183184817466
2021-09-30 12:40:00,reactive,1,1,0.0,0,27.19838142,24.122183184817466,-1,23.34523111422477
2021-09-30 12:45:00,reactive,1,1,0.0,0,27.20000076,23.34523111422477,0,23.59942190005578
2021-09-30 12:50:00,reactive,1,1,0.0,0,27.20000076,23.59942190005578,0,23.84344505445355
2021-09-30 12:55:00,reactive,1,1,0.0,0,27.20000076,23.84344505445355,0,24.07770728267541
2021-09-30 13:00:00,reactive,1,1,0.0,0,27.20000076,24.07770728267541,-1,23.302599021768394
2021-09-30 13:05:00,reactive,1,1,0.0,0,27.20000076,23.302599021768394,0,23.558495091297658
2021-09-30 13:10:00,reactive,1,1,0.0,0,27.20000076,23.558495091297658,0,23.804155318045755
2021-09-30 13:15:00,reactive,1,1,0.0,0,27.20000076,23.804155318045755,0,24.039989135723925
2021-09-30 13:20:00,reactive,1,1,0.0,0,27.20000076,24.039989135723925,-1,23.266389600694968
2021-09-30 13:25:00,reactive,1,1,0.0,0,27.20000076,23.266389600694968,0,23.52373404706717
2021-09-30 13:30:00,reactive,0,0,0.0,0,27.39999962,23.52373404706717,0,23.67878466998448
2021-09-30 13:35:00,reactive,1,2,0.0,0,27.29999924,23.67878466998448,0,24.0236332527851
2021-09-30 13:40:00,reactive,1,2,0.0,0,27.29999924,24.0236332527851,-1,23.354687892273695
2021-09-30 13:45:00,reactive,1,2,0.0,0,27.29999924,23.354687892273695,0,23.712500346182747
2021-09-30 13:50:00,reactive,1,2,0.0,0,27.39999962,23.712500346182747,0,24.060000317135437
2021-09-30 13:55:00,reactive,1,4,0.0,0,27.39999962,24.060000317135437,-1,23.593600289250016
2021-09-30 14:00:00,reactive,1,9,0.0,0,27.29999924,23.593600289250016,0,24.641856247280014
2021-09-30 14:05:00,reactive,1,10,0.0,0,27.0016613,24.641856247280014,-1,24.736248449388814
2021-09-30 14:10:00,reactive,1,10,0.0,0,26.79999924,24.736248449388814,-1,24.81879848101326
2021-09-30 14:15:00,reactive,1,10,0.0,0,26.79999924,24.81879848101326,-1,24.89804651137273
2021-09-30 14:20:00,reactive,1,10,0.0,0,26.50161552,24.89804651137273,-1,24.962189271717822
2021-09-30 14:25:00,reactive,1,11,0.0,0,26.5,24.962189271717822,-1,25.12370170084911
2021-09-30 14:30:00,reactive,1,11,0.0,0,26.29999924,25.12370170084911,-1,25.270753602415148
2021-09-30 14:35:00,reactive,1,11,0.0,0,26.0016613,25.270753602415148,-1,25.399989910318542
2021-09-30 14:40:00,reactive,1,11,0.0,0,25.60000038,25.399989910318542,-1,25.5079903291058
2021-09-30 14:45:00,reactive,1,11,0.0,0,25.29999924,25.5079903291058,-1,25.59967068554157
2021-09-30 14:50:00,reactive,1,11,0.0,0,25.29999924,25.59967068554157,-1,25.68768382771991
2021-09-30 14:55:00,reactive,1,11,0.0,0,25.29999924,25.68768382771991,-1,25.772176444211112
2021-09-30 15:00:00,reactive,1,11,0.0,0,25.10000038,25.772176444211112,-1,25.84528940164267
2021-09-30 15:05:00,reactive,1,10,0.0,0,25.00164986,25.84528940164267,-1,25.811543819976965
2021-09-30 15:10:00,reactive,1,10,0.0,0,25.0,25.811543819976965,-1,25.779082067177885
2021-09-30 15:15:00,reactive,1,11,0.0,0,25.0,25.779082067177885,-1,25.847918784490773
2021-09-30 15:20:00,reactive,1,11,0.0,0,24.89999962,25.847918784490773,-1,25.910002017911143
2021-09-30 15:25:00,reactive,1,11,0.0,0,25.0,25.910002017911143,-1,25.973601937194697
2021-09-30 15:30:00,reactive,1,11,0.0,0,25.0,25.973601937194697,-1,26.03465785970691
2021-09-30 15:35:00,reactive,1,9,0.0,0,25.10000038,26.03465785970691,-1,25.897271560518632
2021-09-30 15:40:00,reactive,1,9,0.0,0,25.20000076,25.897271560518632,-1,25.769380728497886
2021-09-30 15:45:00,reactive,1,9,0.0,0,25.27966881,25.769380728497886,-1,25.64979225175797
2021-09-30 15:50:00,reactive,1,9,0.0,0,25.39999962,25.64979225175797,-1,25.539800546487648
2021-09-30 15:55:00,reactive,1,9,0.0,0,25.56666946,25.539800546487648,-1,25.44087530302814
2021-09-30 16:00:00,reactive,1,11,0.0,0,25.60000038,25.44087530302814,-1,25.547240306107014
2021-09-30 16:05:00,reactive,1,11,0.0,0,25.70000076,25.547240306107014,-1,25.653350724262737
2021-09-30 16:10:00,reactive,1,11,0.0,0,25.70000076,25.653350724262737,-1,25.75521672569223
2021-09-30 16:15:00,reactive,1,11,0.0,0,25.70000076,25.75521672569223,-1,25.85300808706454
2021-09-30 16:20:00,reactive,1,11,0.0,0,25.70000076,25.85300808706454,-1,25.94688779398196
2021-09-30 16:25:00,reactive,1,10,0.0,0,25.70000076,25.94688779398196,-1,25.937012312622684
2021-09-30 16:30:00,reactive,1,9,0.0,0,25.89675713,25.937012312622684,-1,25.835402105317776
2021-09-30 16:35:00,reactive,1,6,0.0,0,25.79999924,25.835402105317776,-1,25.433985990705068
2021-09-30 16:40:00,reactive,1,9,0.0,0,25.80163765,25.433985990705068,-1,25.348692057076864
2021-09-30 16:45:00,reactive,1,11,0.0,0,25.79999924,25.348692057076864,-1,25.466744344393792
2021-09-30 16:50:00,reactive,1,9,0.0,0,25.79999924,25.466744344393792,-1,25.38007454021804
2021-09-30 16:55:00,reactive,1,10,0.0,0,25.79999924,25.38007454021804,-1,25.396871528209317
2021-09-30 17:00:00,reactive,1,10,0.0,0,25.79999924,25.396871528209317,-1,25.412996636680944
2021-09-30 17:05:00,reactive,1,10,0.0,0,25.79999924,25.412996636680944,-1,25.428476740813707
2021-09-30 17:10:00,reactive,1,10,0.0,0,25.79999924,25.428476740813707,-1,25.44333764078116
2021-09-30 17:15:00,reactive,1,10,0.0,0,25.79999924,25.44333764078116,-1,25.45760410474991
2021-09-30 17:20:00,reactive,1,10,0.0,0,25.79999924,25.45760410474991,-1,25.471299910159914
2021-09-30 17:25:00,reactive,1,10,0.0,0,25.79999924,25.471299910159914,-1,25.484447883353518
2021-09-30 17:30:00,reactive,1,10,0.0,0,25.79999924,25.484447883353518,-1,25.497069937619376
2021-09-30 17:35:00,reactive,1,10,0.0,0,25.79999924,25.497069937619376,-1,25.5091871097146
2021-09-30 17:40:00,reactive,1,10,0.0,0,25.79999924,25.5091871097146,-1,25.520819594926014
2021-09-30 17:45:00,reactive,1,11,0.0,0,25.89999962,25.520819594926014,-1,25.635986795928975
2021-09-30 17:50:00,reactive,1,11,0.0,0,25.89999962,25.635986795928975,-1,25.746547308891817
2021-09-30 17:55:00,reactive,1,11,0.0,0,26.09837914,25.746547308891817,-1,25.860620582136146
2021-09-30 18:00:00,reactive,1,11,0.0,0,26.10000038,25.860620582136146,-1,25.9701957740507
2021-09-30 18:05:00,reactive,1,11,0.0,0,26.0,25.9701957740507,-1,26.071387943088673
2021-09-30 18:10:00,reactive,1,7,0.0,0,26.0,26.071387943088673,-1,25.768532425365127
2021-09-30 18:15:00,reactive,1,4,0.0,0,26.0,25.768532425365127,-1,25.17779112835052
2021-09-30 18:20:00,reactive,1,4,0.0,0,26.10000038,25.17779112835052,-1,24.6146794984165
2021-09-30 18:25:00,reactive,1,4,0.0,0,26.0,24.6146794984165,-1,24.070092318479837
2021-09-30 18:30:00,reactive,1,2,0.0,0,25.90163612,24.070092318479837,-1,23.34335407054064
2021-09-30 18:35:00,reactive,1,4,0.0,0,26.0,23.34335407054064,0,23.849619907719013
2021-09-30 18:40:00,reactive,1,10,0.0,0,26.0,23.849619907719013,0,24.935635111410253
2021-09-30 18:45:00,reactive,1,10,0.0,0,26.0,24.935635111410253,-1,24.978209706953844
2021-09-30 18:50:00,reactive,1,10,0.0,0,26.0,24.978209706953844,-1,25.019081318675692
2021-09-30 18:55:00,reactive,1,10,0.0,0,26.0,25.019081318675692,-1,25.058318065928663
2021-09-30 19:00:00,reactive,1,10,0.0,0,26.0,25.058318065928663,-1,25.095985343291517
2021-09-30 19:05:00,reactive,1,10,0.0,0,26.0,25.095985343291517,-1,25.132145929559854
2021-09-30 19:10:00,reactive,1,10,0.0,0,26.0,25.132145929559854,-1,25.166860092377462
2021-09-30 19:15:00,reactive,1,10,0.0,0,26.0,25.166860092377462,-1,25.200185688682364
2021-09-30 19:20:00,reactive,1,10,0.0,0,26.0,25.200185688682364,-1,25.23217826113507
2021-09-30 19:25:00,reactive,1,10,0.0,0,26.0,25.23217826113507,-1,25.262891130689667
2021-09-30 19:30:00,reactive,1,1,0.0,0,26.20000076,25.262891130689667,-1,24.40037551586208
2021-09-30 19:35:00,reactive,1,1,0.0,0,26.20000076,24.40037551586208,-1,23.572360525627598
2021-09-30 19:40:00,reactive,1,1,0.0,0,26.39999962,23.572360525627598,0,23.785466089402494
2021-09-30 19:45:00,reactive,1,1,0.0,0,26.39837265,23.785466089402494,0,23.989982351826395
2021-09-30 19:50:00,reactive,1,1,0.0,0,26.5,23.989982351826395,0,24.19038305775334
2021-09-30 19:55:00,reactive,1,1,0.0,0,26.40162659,24.19038305775334,-1,23.37883279904321
2021-09-30 20:00:00,reactive,1,1,0.0,0,26.39999962,23.37883279904321,0,23.599679471881483
2021-09-30 20:05:00,reactive,1,1,0.0,0,26.60000038,23.599679471881483,0,23.819692308206225
2021-09-30 20:10:00,reactive,1,1,0.0,0,26.60000038,23.819692308206225,0,24.030904631077977
2021-09-30 20:15:00,reactive,1,1,0.0,0,26.5,24.030904631077977,-1,23.22966844583486
2021-09-30 20:20:00,reactive,1,1,0.0,0,26.60000038,23.22966844583486,0,23.46448172320147
2021-09-30 20:25:00,reactive,1,1,0.0,0,26.60000038,23.46448172320147,0,23.689902469473413
2021-09-30 20:30:00,reactive,1,1,0.0,0,26.69837952,23.689902469473413,0,23.91024155149448
2021-09-30 20:35:00,reactive,1,1,0.0,0,26.60000038,23.91024155149448,0,24.117831904634702
2021-09-30 20:40:00,reactive,1,1,0.0,0,26.70000076,24.117831904634702,-1,23.321118658849315
2021-09-30 20:45:00,reactive,1,1,0.0,0,26.69837761,23.321118658849315,0,23.556209016895345
2021-09-30 20:50:00,reactive,0,0,0.0,0,26.60163498,23.556209016895345,0,23.67802605541953
2021-09-30 20:55:00,reactive,0,0,0.0,0,26.60000038,23.67802605541953,0,23.79490502840275
2021-09-30 21:00:00,reactive,0,0,0.0,0,26.60000038,23.79490502840275,0,23.907108842466638
2021-09-30 21:05:00,reactive,0,0,0.0,0,26.69837189,23.907108842466638,0,24.018759364367973
2021-09-30 21:10:00,reactive,0,0,0.0,0,26.70000076,24.018759364367973,0,24.126009020193255
2021-09-30 21:15:00,reactive,0,0,0.0,0,26.70000076,24.126009020193255,0,24.228968689785525
2021-09-30 21:20:00,reactive,0,0,0.0,0,26.70000076,24.228968689785525,0,24.327809972594103
2021-09-30 21:25:00,reactive,0,0,0.0,0,26.70000076,24.327809972594103,0,24.422697604090338
2021-09-30 21:30:00,reactive,0,0,0.0,0,26.70000076,24.422697604090338,0,24.513789730326724
2021-09-30 21:35:00,reactive,0,0,0.0,0,26.70000076,24.513789730326724,0,24.601238171513657
2021-09-30 21:40:00,reactive,0,0,0.0,0,26.70000076,24.601238171513657,0,24.685188675053112
2021-09-30 21:45:00,reactive,0,0,0.0,0,26.89999962,24.685188675053112,0,24.773781112850987
2021-09-30 21:50:00,reactive,0,0,0.0,0,26.89999962,24.773781112850987,0,24.858829853136946
2021-09-30 21:55:00,reactive,0,0,0.0,0,26.90163803,24.858829853136946,0,24.94054218021147
2021-10-01 06:00:00,reactive,0,0,0.0,0,26.89837265,24.94054218021147,0,25.018855399003012
2021-10-01 06:05:00,reactive,0,0,0.0,0,26.79999924,25.018855399003012,0,25.09010115264289
2021-10-01 06:10:00,reactive,0,0,0.0,0,26.79999924,25.09010115264289,0,25.158497076137174
2021-10-01 06:15:00,reactive,0,0,0.0,0,26.79999924,25.158497076137174,0,25.224157162691686
2021-10-01 06:20:00,reactive,0,0,0.0,0,26.79999924,25.224157162691686,0,25.287190845784018
2021-10-01 06:25:00,reactive,0,0,0.0,0,26.79999924,25.287190845784018,0,25.347703181552657
2021-10-01 06:30:00,reactive,0,0,0.0,0,26.89837074,25.347703181552657,0,25.40972988389055
2021-10-01 06:35:00,reactive,0,0,0.0,0,26.89999962,25.40972988389055,0,25.469340673334926
2021-10-01 06:40:00,reactive,0,0,0.0,0,26.89999962,25.469340673334926,0,25.52656703120153
2021-10-01 06:45:00,reactive,0,0,0.0,0,26.89999962,25.52656703120153,0,25.58150433475347
2021-10-01 06:50:00,reactive,0,0,0.0,0,26.89999962,25.58150433475347,0,25.63424414616333
2021-10-01 06:55:00,reactive,0,0,0.0,0,26.89999962,25.63424414616333,0,25.684874365116794
2021-10-01 07:00:00,reactive,0,0,0.0,0,26.89999962,25.684874365116794,0,25.733479375312122
2021-10-01 07:05:00,reactive,0,0,0.0,0,26.89999962,25.733479375312122,0,25.780140185099636
2021-10-01 07:10:00,reactive,0,0,0.0,0,26.89999962,25.780140185099636,0,25.824934562495653
2021-10-01 07:15:00,reactive,0,0,0.0,0,26.89999962,25.824934562495653,0,25.867937164795826
2021-10-01 07:20:00,reactive,0,0,0.0,0,26.89999962,25.867937164795826,0,25.90921966300399
2021-10-01 07:25:00,reactive,0,0,0.0,0,27.20000076,25.90921966300399,0,25.96085090688383
2021-10-01 07:30:00,reactive,0,0,0.0,0,27.20000076,25.96085090688383,0,26.010416901008476
2021-10-01 07:35:00,reactive,0,0,0.0,0,27.39999962,26.010416901008476,0,26.066000209768138
2021-10-01 07:40:00,reactive,0,0,0.0,0,27.5,26.066000209768138,0,26.123360201377412
2021-10-01 07:45:00,reactive,0,0,0.0,0,27.5,26.123360201377412,0,26.178425793322315
2021-10-01 07:50:00,reactive,0,0,0.0,0,27.60002518,26.178425793322315,0,26.23528976878942
2021-10-01 07:55:00,reactive,0,0,0.0,0,27.70000076,26.23528976878942,0,26.293878208437846
2021-10-01 08:00:00,reactive,0,0,0.0,0,27.70000076,26.293878208437846,0,26.35012311050033
2021-10-01 08:05:00,reactive,0,0,0.0,0,27.90002251,26.35012311050033,0,26.412119086480317
2021-10-01 08:10:00,reactive,0,0,0.0,0,28.10000038,26.412119086480317,0,26.479634338221103
2021-10-01 08:15:00,reactive,0,0,0.0,0,28.20000076,26.479634338221103,0,26.548448995092258
2021-10-01 08:20:00,reactive,0,0,0.0,0,28.20000076,26.548448995092258,0,26.614511065688568
2021-10-01 08:25:00,reactive,0,0,0.0,0,28.20000076,26.614511065688568,0,26.677930653461026
2021-10-01 08:30:00,reactive,0,0,0.0,0,28.29999924,26.677930653461026,0,26.742813396922585
2021-10-01 08:35:00,reactive,0,0,0.0,0,28.39999962,26.742813396922585,0,26.80910084584568
2021-10-01 08:40:00,reactive,0,0,0.0,0,28.60000038,26.80910084584568,0,26.88073682721185
2021-10-01 08:45:00,reactive,0,0,0.0,0,28.70000076,26.88073682721185,0,26.953507384523377
2021-10-01 08:50:00,reactive,0,0,0.0,0,28.9500103,26.953507384523377,0,27.033367501142443
2021-10-01 08:55:00,reactive,0,0,0.0,0,29.10000038,27.033367501142443,0,27.116032816296745
2021-10-01 09:00:00,reactive,0,0,0.0,0,29.19838524,27.116032816296745,0,27.199326913244875
2021-10-01 09:05:00,reactive,0,0,0.0,0,29.20000076,27.199326913244875,0,27.27935386711508
2021-10-01 09:10:00,reactive,0,0,0.0,0,29.19997978,27.27935386711508,0,27.35617890363048
2021-10-01 09:15:00,reactive,0,0,0.0,0,29.20000076,27.35617890363048,0,27.42993177788526
2021-10-01 09:20:00,reactive,0,0,0.0,0,29.20000076,27.42993177788526,0,27.500734537169848
2021-10-01 09:25:00,reactive,0,0,0.0,0,29.5,27.500734537169848,0,27.580705155683052
2021-10-01 09:30:00,reactive,0,0,0.0,0,29.70000076,27.580705155683052,0,27.66547697985573
2021-10-01 09:35:00,reactive,0,0,0.0,0,29.89998055,27.66547697985573,0,27.754857122661498
2021-10-01 09:40:00,reactive,0,0,0.0,0,29.79999924,27.754857122661498,0,27.836662807355037
2021-10-01 09:45:00,reactive,0,0,0.0,0,29.79999924,27.836662807355037,0,27.915196264660835
2021-10-01 09:50:00,reactive,0,0,0.0,0,29.6000061,27.915196264660835,0,27.982588658074402
2021-10-01 09:55:00,reactive,0,0,0.0,0,29.79999924,27.982588658074402,0,28.055285081351425
2021-10-01 10:00:00,reactive,0,0,0.0,0,29.79999924,28.055285081351425,0,28.125073647697366
2021-10-01 10:05:00,reactive,0,0,0.0,0,29.80002403,28.125073647697366,0,28.192071662989473
2021-10-01 10:10:00,reactive,0,0,0.0,0,30.20000076,28.192071662989473,0,28.272388826869893
2021-10-01 10:15:00,reactive,0,0,0.0,0,30.20000076,28.272388826869893,0,28.349493304195096
2021-10-01 10:20:00,reactive,0,0,0.0,0,30.20000076,28.349493304195096,0,28.423513602427292
2021-10-01 10:25:00,reactive,0,0,0.0,0,30.20000076,28.423513602427292,0,28.4945730887302
2021-10-01 10:30:00,reactive,0,0,0.0,0,30.10000038,28.4945730887302,0,28.558790180380992
2021-10-01 10:35:00,reactive,0,0,0.0,0,30.40000534,28.558790180380992,0,28.632438786765753
2021-10-01 10:40:00,reactive,0,0,0.0,0,30.40000534,28.632438786765753,0,28.703141448895124
2021-10-01 10:45:00,reactive,0,0,0.0,0,29.90001488,28.703141448895124,0,28.75101638613932
2021-10-01 10:50:00,reactive,0,0,0.0,0,30.50003624,28.75101638613932,0,28.820977180293745
2021-10-01 10:55:00,reactive,0,0,0.0,0,30.4999733,28.820977180293745,0,28.888137025081996
2021-10-01 11:00:00,reactive,0,0,0.0,0,30.40162086,28.888137025081996,0,28.948676378478716
2021-10-01 11:05:00,reactive,0,0,0.0,0,30.30000496,28.948676378478716,0,29.002729521739568
2021-10-01 11:10:00,reactive,0,0,0.0,0,30.10001564,29.002729521739568,0,29.046620966469984
2021-10-01 11:15:00,reactive,0,0,0.0,0,30.0,29.046620966469984,0,29.084756127811186
2021-10-01 11:20:00,reactive,0,0,0.0,0,30.00000954,29.084756127811186,0,29.12136626429874
2021-10-01 11:25:00,reactive,0,0,0.0,0,29.99994087,29.12136626429874,0,29.15650924852679
2021-10-01 11:30:00,reactive,0,0,0.0,0,30.10000801,29.15650924852679,0,29.194249198985716
2021-10-01 11:35:00,reactive,0,0,0.0,0,30.10000038,29.194249198985716,0,29.230479246226288
2021-10-01 11:40:00,reactive,0,0,0.0,0,29.89999962,29.230479246226288,0,29.257260061177238
2021-10-01 11:45:00,reactive,0,0,0.0,0,29.90001488,29.257260061177238,0,29.28297025393015
2021-10-01 11:50:00,reactive,0,0,0.0,0,30.20000076,29.28297025393015,0,29.319651474172943
2021-10-01 11:55:00,reactive,0,0,0.0,0,30.20000076,29.319651474172943,0,29.354865445606027
2021-10-01 12:00:00,reactive,0,0,0.0,0,30.10161781,29.354865445606027,0,29.384735540181786
2021-10-01 12:05:00,reactive,0,0,0.0,0,30.10000038,29.384735540181786,0,29.413346133774514
2021-10-01 12:10:00,reactive,1,1,0.0,0,29.90001678,29.413346133774514,-1,28.532812959623534
2021-10-01 12:15:00,reactive,1,1,0.0,0,30.20000076,28.532812959623534,-1,27.699500471638594
2021-10-01 12:20:00,reactive,1,1,0.0,0,30.39999962,27.699500471638594,-1,26.90752043757305
2021-10-01 12:25:00,reactive,1,1,0.0,0,29.5,26.90752043757305,-1,26.11121962007013
2021-10-01 12:30:00,reactive,1,1,0.0,0,30.20005417,26.11121962007013,-1,25.374773002067325
2021-10-01 12:35:00,reactive,1,1,0.0,0,30.64999008,25.374773002067325,-1,24.685781685184633
2021-10-01 12:40:00,reactive,0,0,0.0,0,31.0,24.685781685184633,0,24.938350417777247
2021-10-01 12:45:00,reactive,0,0,0.0,0,30.69997978,24.938350417777247,0,25.168815592266157
2021-10-01 12:50:00,reactive,1,1,0.0,0,30.2499733,25.168815592266157,-1,24.47206190057551
2021-10-01 12:55:00,reactive,1,1,0.0,0,30.1999855,24.47206190057551,-1,23.801178844552492
2021-10-01 13:00:00,reactive,1,1,0.0,0,30.0,23.801178844552492,0,24.149131690770393
2021-10-01 13:05:00,reactive,1,1,0.0,0,29.94949722,24.149131690770393,-1,23.48114631193958
2021-10-01 13:10:00,reactive,1,1,0.0,0,30.0,23.48114631193958,0,23.841900459461996
2021-10-01 13:15:00,reactive,1,1,0.0,0,30.0,23.841900459461996,0,24.188224441083516
2021-10-01 13:20:00,reactive,1,1,0.0,0,30.0,24.188224441083516,-1,23.520695463440177
2021-10-01 13:25:00,reactive,1,1,0.0,0,30.10000038,23.520695463440177,0,23.88386766010257
2021-10-01 13:30:00,reactive,1,1,0.0,0,30.39999962,23.88386766010257,0,24.24451293849847
2021-10-01 13:35:00,reactive,1,1,0.0,0,30.39999962,24.24451293849847,-1,23.590732405758533
2021-10-01 13:40:00,reactive,1,1,0.0,0,30.29999924,23.590732405758533,0,23.959103079128194
2021-10-01 13:45:00,reactive,1,1,0.0,0,30.19998169,23.959103079128194,0,24.30873822356307
2021-10-01 13:50:00,reactive,1,1,0.0,0,29.89999962,24.30873822356307,-1,23.632388679420547
2021-10-01 13:55:00,reactive,1,1,0.0,0,29.99998283,23.632388679420547,0,23.987092445443725
2021-10-01 14:00:00,reactive,1,1,0.0,0,30.09836578,23.987092445443725,0,24.331543378825977
2021-10-01 14:05:00,reactive,1,1,0.0,0,29.79999924,24.331543378825977,-1,23.650281613272938
2021-10-01 14:10:00,reactive,1,1,0.0,0,29.80001259,23.650281613272938,0,23.996270852342022
2021-10-01 14:15:00,reactive,1,1,0.0,0,30.0,23.996270852342022,0,24.336420018248344
2021-10-01 14:20:00,reactive,1,1,0.0,0,29.79999924,24.336420018248344,-1,23.654963187118412
2021-10-01 14:25:00,reactive,1,1,0.0,0,30.0,23.654963187118412,0,24.008764659633677
2021-10-01 14:30:00,reactive,1,1,0.0,0,29.89999962,24.008764659633677,-1,23.344414058048333
2021-10-01 14:35:00,reactive,1,1,0.0,0,29.79999924,23.344414058048333,0,23.7026374653264
2021-10-01 14:40:00,reactive,1,1,0.0,0,29.49998474,23.7026374653264,0,24.034531356313344
2021-10-01 14:45:00,reactive,1,1,0.0,0,29.60000038,24.034531356313344,-1,23.35715011726081
2021-10-01 14:50:00,reactive,1,1,0.0,0,29.70000076,23.35715011726081,0,23.71086414297038
2021-10-01 14:55:00,reactive,1,1,0.0,0,29.60000038,23.71086414297038,0,24.046429592451567
2021-10-01 15:00:00,reactive,1,1,0.0,0,29.70000076,24.046429592451567,-1,23.372572439153505
2021-10-01 15:05:00,reactive,1,1,0.0,0,29.5000267,23.372572439153505,0,23.717670609587366
2021-10-01 15:10:00,reactive,1,1,0.0,0,29.40001297,23.717670609587366,0,24.044964304003873
2021-10-01 15:15:00,reactive,1,1,0.0,0,29.50002289,24.044964304003873,-1,23.36316664744372
2021-10-01 15:20:00,reactive,1,1,0.0,0,29.60000038,23.36316664744372,0,23.712639996745974
2021-10-01 15:25:00,reactive,1,1,0.0,0,29.29999924,23.712639996745974,0,24.036134366476137
2021-10-01 15:30:00,reactive,1,1,0.0,0,29.10000229,24.036134366476137,-1,23.338689083417094
2021-10-01 15:35:00,reactive,1,1,0.0,0,29.20000839,23.338689083417094,0,23.673141855680413
2021-10-01 15:40:00,reactive,1,1,0.0,0,29.39999962,23.673141855680413,0,24.0022161662532
2021-10-01 15:45:00,reactive,1,1,0.0,0,29.30000877,24.0022161662532,-1,23.314127870403073
2021-10-01 15:50:00,reactive,0,0,0.0,0,29.70000076,23.314127870403073,0,23.56956278598695
2021-10-01 15:55:00,reactive,1,1,0.0,0,29.62500381,23.56956278598695,0,23.911780426947473
2021-10-01 16:00:00,reactive,1,1,0.0,0,29.70000076,23.911780426947473,0,24.243309240269575
2021-10-01 16:05:00,reactive,1,1,0.0,0,29.60000038,24.243309240269575,-1,23.557576885858794
2021-10-01 16:10:00,reactive,1,1,0.0,0,29.39999962,23.557576885858794,0,23.891273795224443
2021-10-01 16:15:00,reactive,1,1,0.0,0,28.89994049,23.891273795224443,0,24.191620463015468
2021-10-01 16:20:00,reactive,1,1,0.0,0,27.49999619,24.191620463015468,-1,23.42395549209485
2021-10-01 16:25:00,reactive,1,1,0.0,0,26.59999847,23.42395549209485,0,23.65099721121106
2021-10-01 16:30:00,reactive,1,1,0.0,0,25.99998856,23.65099721121106,0,23.84495686516262
2021-10-01 16:35:00,reactive,1,1,0.0,0,25.09996414,23.84495686516262,0,23.995157156156115
2021-10-01 16:40:00,reactive,1,1,0.0,0,24.7999897,23.995157156156115,0,24.12735045790987
2021-10-01 16:45:00,reactive,1,1,0.0,0,24.29999924,24.12735045790987,-1,23.234256409193478
2021-10-01 16:50:00,reactive,1,1,0.0,0,24.29998398,23.234256409193478,0,23.37688551202574
2021-10-01 16:55:00,reactive,0,0,0.0,0,23.89999962,23.37688551202574,0,23.39781007634471
2021-10-01 17:00:00,reactive,0,0,0.0,0,24.15000725,23.39781007634471,0,23.427897963290924
2021-10-01 17:05:00,reactive,1,1,0.0,0,24.29999924,23.427897963290924,0,23.56278201435929
2021-10-01 17:10:00,reactive,1,1,0.0,0,24.29999924,23.56278201435929,0,23.69227070338492
2021-10-01 17:15:00,reactive,1,1,0.0,0,24.3999939,23.69227070338492,0,23.820579631249526
2021-10-01 17:20:00,reactive,1,1,0.0,0,23.89994431,23.820579631249526,0,23.923754218399548
2021-10-01 17:25:00,reactive,1,1,0.0,0,23.79999924,23.923754218399548,0,24.018804019263566
2021-10-01 17:30:00,reactive,1,1,0.0,0,23.8000164,24.018804019263566,-1,23.110052514493024
2021-10-01 17:35:00,reactive,1,1,0.0,0,24.20000076,23.110052514493024,0,23.253650444313305
2021-10-01 17:40:00,reactive,1,1,0.0,0,24.70000076,23.253650444313305,0,23.411504456940776
2021-10-01 17:45:00,reactive,1,1,0.0,0,24.70000076,23.411504456940776,0,23.563044309063145
2021-10-01 17:50:00,reactive,1,1,0.0,0,24.70000076,23.563044309063145,0,23.70852256710062
2021-10-01 17:55:00,reactive,1,1,0.0,0,24.70000076,23.70852256710062,0,23.848181694816596
2021-10-01 18:00:00,reactive,1,1,0.0,0,24.70000076,23.848181694816596,0,23.982254457423934
2021-10-01 18:05:00,reactive,1,1,0.0,0,24.70000076,23.982254457423934,0,24.110964309526977
2021-10-01 18:10:00,reactive,1,1,0.0,0,24.70000076,24.110964309526977,-1,23.2345257675459
2021-10-01 18:15:00,reactive,1,1,0.0,0,24.70000076,23.2345257675459,0,23.393144767244067
2021-10-01 18:20:00,reactive,1,1,0.0,0,24.70001984,23.393144767244067,0,23.545419770154307
2021-10-01 18:25:00,reactive,1,1,0.0,0,24.89999962,23.545419770154307,0,23.699602964148138
2021-10-01 18:30:00,reactive,1,1,0.0,0,24.89999962,23.699602964148138,0,23.847618830382213
2021-10-01 18:35:00,reactive,1,1,0.0,0,24.89999962,23.847618830382213,0,23.989714061966925
2021-10-01 18:40:00,reactive,1,1,0.0,0,24.90002251,23.989714061966925,0,24.12612639988825
2021-10-01 18:45:00,reactive,1,1,0.0,0,25.0,24.12612639988825,-1,23.26108134389272
2021-10-01 18:50:00,reactive,1,1,0.0,0,25.10000038,23.26108134389272,0,23.43463810533701
2021-10-01 18:55:00,reactive,1,1,0.0,0,25.10000038,23.43463810533701,0,23.601252596323533
2021-10-01 19:00:00,reactive,1,1,0.0,0,25.10000038,23.601252596323533,0,23.761202507670593
2021-10-01 19:05:00,reactive,1,1,0.0,0,25.10000038,23.761202507670593,0,23.91475442256377
2021-10-01 19:10:00,reactive,1,1,0.0,0,25.10000038,23.91475442256377,0,24.06216426086122
2021-10-01 19:15:00,reactive,1,1,0.0,0,25.10000038,24.06216426086122,-1,23.203677705626774
2021-10-01 19:20:00,reactive,1,1,0.0,0,25.20000076,23.203677705626774,0,23.383530627801704
2021-10-01 19:25:00,reactive,1,1,0.0,0,25.20000076,23.383530627801704,0,23.55618943308964
2021-10-01 19:30:00,reactive,1,1,0.0,0,25.20000076,23.55618943308964,0,23.721941886166054
2021-10-01 19:35:00,reactive,1,1,0.0,0,25.20000076,23.721941886166054,0,23.881064241119415
2021-10-01 19:40:00,reactive,1,1,0.0,0,25.20000076,23.881064241119415,0,24.03382170187464
2021-10-01 19:45:00,reactive,1,1,0.0,0,25.20000076,24.03382170187464,-1,23.180468864199657
2021-10-01 19:50:00,reactive,1,1,0.0,0,24.8999958,23.180468864199657,0,23.349249941631673
2021-10-01 19:55:00,reactive,1,1,0.0,0,24.79999924,23.349249941631673,0,23.507279913566407
2021-10-01 20:00:00,reactive,1,1,0.0,0,24.60000038,23.507279913566407,0,23.65098873222375
2021-10-01 20:05:00,reactive,1,1,0.0,0,24.70000076,23.65098873222375,0,23.792949213334804
2021-10-01 20:10:00,reactive,1,1,0.0,0,24.60000038,23.792949213334804,0,23.925231260001414
2021-10-01 20:15:00,reactive,0,0,0.0,0,24.60000038,23.925231260001414,0,23.952222024801358
2021-10-01 20:20:00,reactive,0,0,0.0,0,24.70000076,23.952222024801358,0,23.982133174209302
2021-10-01 20:25:00,reactive,0,0,0.0,0,24.70000076,23.982133174209302,0,24.01084787764093
2021-10-01 20:30:00,reactive,0,0,0.0,0,24.70000076,24.01084787764093,0,24.038413992935293
2021-10-01 20:35:00,reactive,0,0,0.0,0,24.70000076,24.038413992935293,0,24.064877463617883
2021-10-01 20:40:00,reactive,0,0,0.0,0,24.70000076,24.064877463617883,0,24.090282395473167
2021-10-01 20:45:00,reactive,0,0,0.0,0,24.89999962,24.090282395473167,0,24.12267108445424
2021-10-01 20:50:00,reactive,0,0,0.0,0,24.79999924,24.12267108445424,0,24.14976421067607
2021-10-01 20:55:00,reactive,0,0,0.0,0,24.79999924,24.14976421067607,0,24.175773611849028
2021-10-01 21:00:00,reactive,0,0,0.0,0,24.79999924,24.175773611849028,0,24.200742636975068
2021-10-01 21:05:00,reactive,0,0,0.0,0,24.79999924,24.200742636975068,0,24.224712901096066
2021-10-01 21:10:00,reactive,0,0,0.0,0,24.79999924,24.224712901096066,0,24.247724354652224
2021-10-01 21:15:00,reactive,0,0,0.0,0,24.79999924,24.247724354652224,0,24.269815350066136
2021-10-01 21:20:00,reactive,0,0,0.0,0,24.60000038,24.269815350066136,0,24.28302275126349
2021-10-01 21:25:00,reactive,0,0,0.0,0,24.60000038,24.28302275126349,0,24.29570185641295
2021-10-01 21:30:00,reactive,0,0,0.0,0,24.70000076,24.29570185641295,0,24.31187381255643
2021-10-01 21:35:00,reactive,0,0,0.0,0,24.69999886,24.31187381255643,0,24.327398814454174
2021-10-01 21:40:00,reactive,0,0,0.0,0,24.5,24.327398814454174,0,24.334302861876008
2021-10-01 21:45:00,reactive,1,2,0.0,0,24.5,24.334302861876008,-1,23.540930747400967
2021-10-01 21:50:00,reactive,1,2,0.0,0,24.49998856,23.540930747400967,0,23.779293059904926
2021-10-01 21:55:00,reactive,1,2,0.0,0,24.29999924,23.779293059904926,0,24.000121307108728
